Path,Type,Size
E:\PicToMy\001\001.jpg,File,367792
E:\PicToMy\001\002.jpg,File,394928
E:\PicToMy\001\003.jpg,File,348016
E:\PicToMy\001\004.jpg,File,398592
E:\PicToMy\001\005.jpg,File,460144
E:\PicToMy\001\006.jpg,File,419872
E:\PicToMy\001\007.jpg,File,414064
E:\PicToMy\001\008.jpg,File,386144
E:\PicToMy\001\009.jpg,File,408096
E:\PicToMy\001\010.jpg,File,404720
E:\PicToMy\001\011.jpg,File,399952
E:\PicToMy\001\012.jpg,File,398608
E:\PicToMy\001\013.jpg,File,446784
E:\PicToMy\001\014.jpg,File,480048
E:\PicToMy\001\015.jpg,File,475584
E:\PicToMy\001\016.jpg,File,486416
E:\PicToMy\001\017.jpg,File,471184
E:\PicToMy\001\018.jpg,File,474672
E:\PicToMy\001\019.jpg,File,471504
E:\PicToMy\001\020.jpg,File,396864
E:\PicToMy\001\021.jpg,File,413888
E:\PicToMy\001\022.jpg,File,413264
E:\PicToMy\001\023.jpg,File,414032
E:\PicToMy\001\024.jpg,File,416880
E:\PicToMy\001\025.jpg,File,398528
E:\PicToMy\001\026.jpg,File,404240
E:\PicToMy\001\027.jpg,File,444000
E:\PicToMy\001\028.jpg,File,437216
E:\PicToMy\001\029.jpg,File,438656
E:\PicToMy\001\030.jpg,File,460416
E:\PicToMy\001\031.jpg,File,466016
E:\PicToMy\001\032.jpg,File,426784
E:\PicToMy\001\033.jpg,File,345904
E:\PicToMy\001\034.jpg,File,370112
E:\PicToMy\001\035.jpg,File,415952
E:\PicToMy\001\036.jpg,File,371520
E:\PicToMy\001\037.jpg,File,318368
E:\PicToMy\001\038.jpg,File,506560
E:\PicToMy\001\039.jpg,File,551648
E:\PicToMy\001\040.jpg,File,392016
E:\PicToMy\001\041.jpg,File,386064
E:\PicToMy\001\042.jpg,File,401808
E:\PicToMy\001\043.jpg,File,382256
E:\PicToMy\001\044.jpg,File,392192
E:\PicToMy\001\045.jpg,File,405696
E:\PicToMy\001\046.jpg,File,410128
E:\PicToMy\001\047.jpg,File,441264
E:\PicToMy\001\048.jpg,File,424768
E:\PicToMy\001\049.jpg,File,434816
E:\PicToMy\001\050.jpg,File,419968
E:\PicToMy\001\051.jpg,File,408448
E:\PicToMy\001\052.jpg,File,412224
E:\PicToMy\001\053.jpg,File,393616
E:\PicToMy\001\054.jpg,File,402448
E:\PicToMy\001\055.jpg,File,410512
E:\PicToMy\001\056.jpg,File,179456
E:\PicToMy\001\057.jpg,File,371488
E:\PicToMy\001\058.jpg,File,133616
E:\PicToMy\001\059.jpg,File,150144
E:\PicToMy\001\060.jpg,File,118176
E:\PicToMy\001\061.jpg,File,167552
E:\PicToMy\001\062.jpg,File,408080
E:\PicToMy\001\063.jpg,File,285696
E:\PicToMy\001\064.jpg,File,419824
E:\PicToMy\001\065.jpg,File,406992
E:\PicToMy\001\066.jpg,File,247920
E:\PicToMy\001\067.jpg,File,218736
E:\PicToMy\001\068.jpg,File,206848
E:\PicToMy\001\069.jpg,File,305248
E:\PicToMy\001\070.jpg,File,253376
E:\PicToMy\001\071.jpg,File,249072
E:\PicToMy\001\072.jpg,File,149232
E:\PicToMy\001\073.jpg,File,122208
E:\PicToMy\001\074.jpg,File,270896
E:\PicToMy\001\075.jpg,File,94208
E:\PicToMy\001\076.jpg,File,221984
E:\PicToMy\001\077.jpg,File,234592
E:\PicToMy\001\078.jpg,File,332096
E:\PicToMy\001\079.jpg,File,486528
E:\PicToMy\001\080.jpg,File,210400
E:\PicToMy\001\081.jpg,File,216896
E:\PicToMy\001\082.jpg,File,241616
E:\PicToMy\001\083.jpg,File,226256
E:\PicToMy\001\084.jpg,File,213728
E:\PicToMy\001\085.jpg,File,326752
E:\PicToMy\001\086.jpg,File,332016
E:\PicToMy\001\087.jpg,File,290832
E:\PicToMy\001\088.jpg,File,317248
E:\PicToMy\001\089.jpg,File,152640
E:\PicToMy\001\090.jpg,File,578976
E:\PicToMy\001\091.jpg,File,280224
E:\PicToMy\001\092.jpg,File,99776
E:\PicToMy\001\093.jpg,File,103248
E:\PicToMy\001\095.jpg,File,187504
E:\PicToMy\001\096.jpg,File,280208
E:\PicToMy\001\097.jpg,File,341440
E:\PicToMy\001\098.jpg,File,299168
E:\PicToMy\001\099.jpg,File,364944
E:\PicToMy\001\100.jpg,File,131040
E:\PicToMy\001\101.jpg,File,265408
E:\PicToMy\001\102.jpg,File,146704
E:\PicToMy\001\103.jpg,File,522144
E:\PicToMy\001\104.jpg,File,277520
E:\PicToMy\001\105.jpg,File,198784
E:\PicToMy\001\106.jpg,File,192544
E:\PicToMy\001\107.jpg,File,170400
E:\PicToMy\001\108.jpg,File,306688
E:\PicToMy\001\109.jpg,File,104672
E:\PicToMy\001\110.jpg,File,136656
E:\PicToMy\001\111.jpg,File,192544
E:\PicToMy\001\112.jpg,File,173632
E:\PicToMy\001\114.jpg,File,41312
E:\PicToMy\001\115.jpg,File,45728
E:\PicToMy\001\116.jpg,File,46496
E:\PicToMy\001\117.jpg,File,36544
E:\PicToMy\001\118.jpg,File,122176
E:\PicToMy\001\119.jpg,File,357072
E:\PicToMy\001\120.jpg,File,201328
E:\PicToMy\001\121.jpg,File,208640
E:\PicToMy\001\122.jpg,File,266880
E:\PicToMy\001\123.jpg,File,345392
E:\PicToMy\001\124.jpg,File,224480
E:\PicToMy\001\125.jpg,File,339024
E:\PicToMy\001\126.jpg,File,430272
E:\PicToMy\001\127.jpg,File,279520
E:\PicToMy\001\128.jpg,File,221888
E:\PicToMy\001\129.jpg,File,145040
E:\PicToMy\001\130.jpg,File,87776
E:\PicToMy\001\131.jpg,File,149104
E:\PicToMy\001\132.jpg,File,151056
E:\PicToMy\001\133.jpg,File,84256
E:\PicToMy\001\134.jpg,File,434624
E:\PicToMy\001\135.jpg,File,423488
E:\PicToMy\001\136.jpg,File,223744
E:\PicToMy\001\137.jpg,File,270880
E:\PicToMy\001\138.jpg,File,295280
E:\PicToMy\001\139.jpg,File,254064
E:\PicToMy\001\140.jpg,File,316128
E:\PicToMy\001\141.jpg,File,433312
E:\PicToMy\001\142.jpg,File,227296
E:\PicToMy\001\143.jpg,File,259056
E:\PicToMy\001\144.jpg,File,356592
E:\PicToMy\001\145.jpg,File,236992
E:\PicToMy\001\146.jpg,File,393280
E:\PicToMy\001\147.jpg,File,197536
E:\PicToMy\001\148.jpg,File,475600
E:\PicToMy\001\149.jpg,File,423856
E:\PicToMy\001\150.jpg,File,343408
E:\PicToMy\001\151.jpg,File,329232
E:\PicToMy\001\152.jpg,File,401712
E:\PicToMy\001\153.jpg,File,444448
E:\PicToMy\001\154.jpg,File,214080
E:\PicToMy\001\155.jpg,File,301312
E:\PicToMy\001\156.jpg,File,320256
E:\PicToMy\001\157.jpg,File,334272
E:\PicToMy\001\158.jpg,File,356816
E:\PicToMy\001\159.jpg,File,394224
E:\PicToMy\001\160.jpg,File,405152
E:\PicToMy\001\161.jpg,File,415712
E:\PicToMy\001\162.jpg,File,376304
E:\PicToMy\001\163.jpg,File,379344
E:\PicToMy\001\164.jpg,File,383648
